{"train_loss": [2.1009231542718823, 1.7000799222924243], "train_acc": [0.23218390804597702, 0.38620689655172413], "val_loss": [0, 0], "val_acc": [0.42962962962962964, 0.48148148148148145]}